year,month,day,hour,experimental.day,microsite,rep,temp,RH
2013,4,27,9,1,shrub,1,30.268,22.659
2013,4,27,10,1,shrub,1,36.579,19.43
2013,4,27,11,1,shrub,1,40.142,15.762
2013,4,27,12,1,shrub,1,47.908,12.874
2013,4,27,13,1,shrub,1,46.866,11.307
2013,4,27,14,1,shrub,1,44.196,10.08
2013,4,27,15,1,shrub,1,42.564,10.1
2013,4,27,16,1,shrub,1,39.488,10.303
2013,4,27,17,1,shrub,1,36.661,10.512
2013,4,27,18,1,shrub,1,33.626,11.256
2013,4,27,19,1,shrub,1,29.74,12.684
2013,4,27,20,1,shrub,1,24.05,15.578
2013,4,27,21,1,shrub,1,21.079,17.142
2013,4,27,22,1,shrub,1,20.269,17.838
2013,4,27,23,1,shrub,1,19.746,18.104
2013,4,28,0,2,shrub,1,18.39,19.274
2013,4,28,1,2,shrub,1,16.606,20.983
2013,4,28,2,2,shrub,1,16.129,21.35
2013,4,28,3,2,shrub,1,16.225,23.115
2013,4,28,4,2,shrub,1,15.7,24.717
2013,4,28,5,2,shrub,1,15.652,28.441
2013,4,28,6,2,shrub,1,15.605,31.621
2013,4,28,7,2,shrub,1,18.081,30.312
2013,4,28,8,2,shrub,1,25.477,21.908
2013,4,28,9,2,shrub,1,31.637,18.62
2013,4,28,10,2,shrub,1,37.921,16.351
2013,4,28,11,2,shrub,1,41.152,14.165
2013,4,28,12,2,shrub,1,49.683,11.741
2013,4,28,13,2,shrub,1,48.304,11.686
2013,4,28,14,2,shrub,1,45.782,11.344
2013,4,28,15,2,shrub,1,43.707,10.503
2013,4,28,16,2,shrub,1,41.21,10.687
2013,4,28,17,2,shrub,1,38.7,11.065
2013,4,28,18,2,shrub,1,35.502,12.037
2013,4,28,19,2,shrub,1,31.612,14.155
2013,4,28,20,2,shrub,1,25.574,17.084
2013,4,28,21,2,shrub,1,23.761,18.069
2013,4,28,22,2,shrub,1,22.393,19.288
2013,4,28,23,2,shrub,1,20.674,21.02
2013,4,29,0,3,shrub,1,20.889,22.996
2013,4,29,1,3,shrub,1,20.198,26.288
2013,4,29,2,3,shrub,1,19.318,30.555
2013,4,29,3,3,shrub,1,18.58,32.537
2013,4,29,4,3,shrub,1,17.368,34.721
2013,4,29,5,3,shrub,1,16.534,35.117
2013,4,29,6,3,shrub,1,14.888,36.707
2013,4,29,7,3,shrub,1,19.222,30.895
2013,4,29,8,3,shrub,1,26.329,22.772
2013,4,29,9,3,shrub,1,32.433,18.361
2013,4,29,10,3,shrub,1,39.177,14.935
2013,4,29,11,3,shrub,1,42.356,12.956
2013,4,29,12,3,shrub,1,50.266,10.873
2013,4,29,13,3,shrub,1,49.513,10.601
2013,4,29,14,3,shrub,1,47.092,10.349
2013,4,29,15,3,shrub,1,44.936,10.59
2013,4,29,16,3,shrub,1,42.356,10.811
2013,4,29,17,3,shrub,1,39.743,11.067
2013,4,29,18,3,shrub,1,36.606,11.69
2013,4,29,19,3,shrub,1,32.794,12.701
2013,4,29,20,3,shrub,1,27.974,15.167
2013,4,29,21,3,shrub,1,24.75,16.815
2013,4,29,22,3,shrub,1,24.847,19.432
2013,4,29,23,3,shrub,1,23.785,20.846
2013,4,30,0,4,shrub,1,21.676,23.085
2013,4,30,1,4,shrub,1,20.222,24.968
2013,4,30,2,4,shrub,1,19.294,26.115
2013,4,30,3,4,shrub,1,18.533,27.686
2013,4,30,4,4,shrub,1,17.891,29.11
2013,4,30,5,4,shrub,1,16.773,31.654
2013,4,30,6,4,shrub,1,16.725,33.366
2013,4,30,7,4,shrub,1,19.936,31.06
2013,4,30,8,4,shrub,1,27.924,23.134
2013,4,30,9,4,shrub,1,32.872,20.051
2013,4,30,10,4,shrub,1,38.532,16.071
2013,4,30,11,4,shrub,1,40.891,14.31
2013,4,30,12,4,shrub,1,47.711,12.305
2013,4,30,13,4,shrub,1,46.609,12.259
2013,4,30,14,4,shrub,1,43.738,13.095
2013,4,30,15,4,shrub,1,42.654,12.89
2013,4,30,16,4,shrub,1,40.602,13.039
2013,4,30,17,4,shrub,1,38.032,13.906
2013,4,30,18,4,shrub,1,34.863,15.349
2013,4,30,19,4,shrub,1,31.996,17.35
2013,4,30,20,4,shrub,1,29.04,20.498
2013,4,30,21,4,shrub,1,26.818,25.8
2013,4,30,22,4,shrub,1,25.186,31.612
2013,4,30,23,4,shrub,1,23.424,36.185
2013,5,1,0,5,shrub,1,21.461,39.185
2013,5,1,1,5,shrub,1,19.46,42.893
2013,5,1,2,5,shrub,1,18.628,43.779
2013,5,1,3,5,shrub,1,17.344,46.79
2013,5,1,4,5,shrub,1,16.558,48.249
2013,5,1,5,5,shrub,1,15.485,49.495
2013,5,1,6,5,shrub,1,16.368,26.886
2013,5,1,7,5,shrub,1,19.222,14.59
2013,5,1,8,5,shrub,1,23.376,11.379
2013,5,1,9,5,shrub,1,27.751,9.781
2013,5,1,10,5,shrub,1,33.652,9.139
2013,5,1,11,5,shrub,1,37.425,7.922
2013,5,1,12,5,shrub,1,42.119,7.353
2013,5,1,13,5,shrub,1,42.654,7.692
2013,5,1,14,5,shrub,1,40.057,7.367
2013,5,1,15,5,shrub,1,38.365,7.793
2013,5,1,16,5,shrub,1,35.85,7.79
2013,5,1,17,5,shrub,1,33.261,8.021
2013,5,1,18,5,shrub,1,29.54,8.366
2013,5,1,19,5,shrub,1,25.914,9.016
2013,5,1,20,5,shrub,1,22.585,10.544
2013,5,1,21,5,shrub,1,18.723,12.242
2013,5,1,22,5,shrub,1,19.508,13.93
2013,5,1,23,5,shrub,1,18.628,14.337
2013,5,2,0,6,shrub,1,17.463,14.802
2013,5,2,1,6,shrub,1,16.225,15.259
2013,5,2,2,6,shrub,1,15.39,15.512
2013,5,2,3,6,shrub,1,14.745,15.774
2013,5,2,4,6,shrub,1,14.337,15.311
2013,5,2,5,6,shrub,1,13.618,16.228
2013,5,2,6,6,shrub,1,13.016,16.708
2013,5,2,7,6,shrub,1,15.533,15.52
2013,5,2,8,6,shrub,1,20.269,12.763
2013,5,2,9,6,shrub,1,24.726,11.893
2013,5,2,10,6,shrub,1,29.615,11.327
2013,5,2,11,6,shrub,1,35.182,9.431
2013,5,2,12,6,shrub,1,42.475,8.009
2013,5,2,13,6,shrub,1,41.883,8.231
2013,5,2,14,6,shrub,1,39.036,7.976
2013,5,2,15,6,shrub,1,36.661,8.215
2013,5,2,16,6,shrub,1,34.783,8.785
2013,5,2,17,6,shrub,1,32.278,9.168
2013,5,2,18,6,shrub,1,29.215,9.992
2013,5,2,19,6,shrub,1,25.623,11.548
2013,5,2,20,6,shrub,1,22.082,13.07
2013,5,2,21,6,shrub,1,19.746,14.466
2013,5,2,22,6,shrub,1,16.392,16.006
2013,5,2,23,6,shrub,1,14.84,16.953
2013,4,27,9,1,shrub,2,37.425,18.943
2013,4,27,10,1,shrub,2,44.104,15.405
2013,4,27,11,1,shrub,2,50.508,11.895
2013,4,27,12,1,shrub,2,51.667,11.252
2013,4,27,13,1,shrub,2,46.385,10.725
2013,4,27,14,1,shrub,2,43.829,9.745
2013,4,27,15,1,shrub,2,42.386,9.533
2013,4,27,16,1,shrub,2,39.8,9.917
2013,4,27,17,1,shrub,2,35.208,10.77
2013,4,27,18,1,shrub,2,32.355,11.633
2013,4,27,19,1,shrub,2,28.617,13.288
2013,4,27,20,1,shrub,2,24.05,15.352
2013,4,27,21,1,shrub,2,21.628,17.394
2013,4,27,22,1,shrub,2,20.674,17.713
2013,4,27,23,1,shrub,2,20.198,17.908
2013,4,28,0,2,shrub,2,18.937,19.014
2013,4,28,1,2,shrub,2,17.391,20.67
2013,4,28,2,2,shrub,2,16.796,21.14
2013,4,28,3,2,shrub,2,16.749,22.972
2013,4,28,4,2,shrub,2,16.249,24.543
2013,4,28,5,2,shrub,2,16.153,28.411
2013,4,28,6,2,shrub,2,16.106,31.734
2013,4,28,7,2,shrub,2,22.034,25.815
2013,4,28,8,2,shrub,2,30.722,17.737
2013,4,28,9,2,shrub,2,39.234,14.156
2013,4,28,10,2,shrub,2,45.845,12.468
2013,4,28,11,2,shrub,2,50.578,11.128
2013,4,28,12,2,shrub,2,52.782,10.643
2013,4,28,13,2,shrub,2,46.931,11.309
2013,4,28,14,2,shrub,2,45.373,10.687
2013,4,28,15,2,shrub,2,43.495,9.974
2013,4,28,16,2,shrub,2,41.268,10.371
2013,4,28,17,2,shrub,2,36.119,11.788
2013,4,28,18,2,shrub,2,33.469,12.808
2013,4,28,19,2,shrub,2,30.091,14.85
2013,4,28,20,2,shrub,2,25.428,17.076
2013,4,28,21,2,shrub,2,23.93,18.041
2013,4,28,22,2,shrub,2,22.753,19.125
2013,4,28,23,2,shrub,2,21.318,21.133
2013,4,29,0,3,shrub,2,21.151,22.941
2013,4,29,1,3,shrub,2,20.531,26.349
2013,4,29,2,3,shrub,2,19.722,30.588
2013,4,29,3,3,shrub,2,18.985,32.607
2013,4,29,4,3,shrub,2,17.915,34.602
2013,4,29,5,3,shrub,2,17.034,35.232
2013,4,29,6,3,shrub,2,15.557,35.9
2013,4,29,7,3,shrub,2,23.088,26.215
2013,4,29,8,3,shrub,2,32.15,18.421
2013,4,29,9,3,shrub,2,39.601,14.212
2013,4,29,10,3,shrub,2,45.972,11.993
2013,4,29,11,3,shrub,2,51.596,10.273
2013,4,29,12,3,shrub,2,52.709,10.395
2013,4,29,13,3,shrub,2,47.941,10.219
2013,4,29,14,3,shrub,2,46.899,9.776
2013,4,29,15,3,shrub,2,44.812,10.103
2013,4,29,16,3,shrub,2,42.684,10.344
2013,4,29,17,3,shrub,2,37.645,11.575
2013,4,29,18,3,shrub,2,34.889,12.167
2013,4,29,19,3,shrub,2,31.791,13.044
2013,4,29,20,3,shrub,2,27.505,15.372
2013,4,29,21,3,shrub,2,24.774,17.004
2013,4,29,22,3,shrub,2,24.46,19.483
2013,4,29,23,3,shrub,2,23.448,20.862
2013,4,30,0,4,shrub,2,21.963,22.995
2013,4,30,1,4,shrub,2,20.65,24.855
2013,4,30,2,4,shrub,2,19.746,26.077
2013,4,30,3,4,shrub,2,19.032,27.654
2013,4,30,4,4,shrub,2,18.39,29.01
2013,4,30,5,4,shrub,2,17.32,31.633
2013,4,30,6,4,shrub,2,17.249,33.276
2013,4,30,7,4,shrub,2,22.657,27.97
2013,4,30,8,4,shrub,2,32.304,20.093
2013,4,30,9,4,shrub,2,39.971,15.519
2013,4,30,10,4,shrub,2,45.719,12.542
2013,4,30,11,4,shrub,2,49.547,11.654
2013,4,30,12,4,shrub,2,48.905,11.71
2013,4,30,13,4,shrub,2,46.705,11.381
2013,4,30,14,4,shrub,2,43.435,12.606
2013,4,30,15,4,shrub,2,43.223,12.12
2013,4,30,16,4,shrub,2,41.443,12.363
2013,4,30,17,4,shrub,2,36.769,14.277
2013,4,30,18,4,shrub,2,34.255,15.551
2013,4,30,19,4,shrub,2,31.842,17.341
2013,4,30,20,4,shrub,2,29.09,20.352
2013,4,30,21,4,shrub,2,27.014,25.305
2013,4,30,22,4,shrub,2,25.477,31.425
2013,4,30,23,4,shrub,2,23.833,36.087
2013,5,1,0,5,shrub,2,21.987,39.274
2013,5,1,1,5,shrub,2,20.246,42.718
2013,5,1,2,5,shrub,2,19.389,43.671
2013,5,1,3,5,shrub,2,18.176,46.508
2013,5,1,4,5,shrub,2,17.391,48.133
2013,5,1,5,5,shrub,2,16.392,48.544
2013,5,1,6,5,shrub,2,16.987,26.686
2013,5,1,7,5,shrub,2,22.178,12.62
2013,5,1,8,5,shrub,2,27.308,9.687
2013,5,1,9,5,shrub,2,33.704,8.115
2013,5,1,10,5,shrub,2,37.315,7.839
2013,5,1,11,5,shrub,2,37.893,7.458
2013,5,1,12,5,shrub,2,39.008,7.254
2013,5,1,13,5,shrub,2,35.689,8.182
2013,5,1,14,5,shrub,2,34.836,7.677
2013,5,1,15,5,shrub,2,35.743,7.787
2013,5,1,16,5,shrub,2,32.587,7.84
2013,5,1,17,5,shrub,2,29.439,8.206
2013,5,1,18,5,shrub,2,27.161,8.361
2013,5,1,19,5,shrub,2,24.798,8.821
2013,5,1,20,5,shrub,2,22.369,10.192
2013,5,1,21,5,shrub,2,18.913,12.138
2013,5,1,22,5,shrub,2,19.793,13.606
2013,5,1,23,5,shrub,2,19.008,13.982
2013,5,2,0,6,shrub,2,17.891,14.525
2013,5,2,1,6,shrub,2,16.725,14.914
2013,5,2,2,6,shrub,2,15.963,15.098
2013,5,2,3,6,shrub,2,15.366,15.327
2013,5,2,4,6,shrub,2,15.008,14.829
2013,5,2,5,6,shrub,2,14.314,15.825
2013,5,2,6,6,shrub,2,13.786,16.164
2013,5,2,7,6,shrub,2,18.747,13.445
2013,5,2,8,6,shrub,2,26.451,10.659
2013,5,2,9,6,shrub,2,29.74,10.051
2013,5,2,10,6,shrub,2,31.868,9.937
2013,5,2,11,6,shrub,2,36.824,8.856
2013,5,2,12,6,shrub,2,40.057,8.09
2013,5,2,13,6,shrub,2,34.73,8.941
2013,5,2,14,6,shrub,2,34.176,8.526
2013,5,2,15,6,shrub,2,35.931,7.952
2013,5,2,16,6,shrub,2,31.816,9.23
2013,5,2,17,6,shrub,2,28.543,9.811
2013,5,2,18,6,shrub,2,26.549,10.509
2013,5,2,19,6,shrub,2,24.195,11.795
2013,5,2,20,6,shrub,2,21.342,13.339
2013,5,2,21,6,shrub,2,19.555,14.457
2013,5,2,22,6,shrub,2,16.63,15.945
2013,5,2,23,6,shrub,2,15.294,17.124
2013,4,27,9,1,shrub,3,30.849,24.325
2013,4,27,10,1,shrub,3,36.308,20.556
2013,4,27,11,1,shrub,3,39.829,17.842
2013,4,27,12,1,shrub,3,40.717,16.92
2013,4,27,13,1,shrub,3,39.545,14.484
2013,4,27,14,1,shrub,3,39.008,12.577
2013,4,27,15,1,shrub,3,38.087,12.694
2013,4,27,16,1,shrub,3,35.85,12.521
2013,4,27,17,1,shrub,3,36.878,11.937
2013,4,27,18,1,shrub,3,33.209,12.952
2013,4,27,19,1,shrub,3,28.196,14.607
2013,4,27,20,1,shrub,3,21.294,17.599
2013,4,27,21,1,shrub,3,18.747,19.478
2013,4,27,22,1,shrub,3,18.842,19.667
2013,4,27,23,1,shrub,3,18.604,19.799
2013,4,28,0,2,shrub,3,16.987,20.935
2013,4,28,1,2,shrub,3,15.151,22.9
2013,4,28,2,2,shrub,3,14.888,23.096
2013,4,28,3,2,shrub,3,15.318,24.761
2013,4,28,4,2,shrub,3,14.936,26.426
2013,4,28,5,2,shrub,3,14.84,30.041
2013,4,28,6,2,shrub,3,14.936,33.509
2013,4,28,7,2,shrub,3,20.96,28.618
2013,4,28,8,2,shrub,3,28.891,21.16
2013,4,28,9,2,shrub,3,35.582,18.152
2013,4,28,10,2,shrub,3,39.093,16.72
2013,4,28,11,2,shrub,3,41.327,16.288
2013,4,28,12,2,shrub,3,41.443,15.943
2013,4,28,13,2,shrub,3,40.862,15.093
2013,4,28,14,2,shrub,3,41.356,13.781
2013,4,28,15,2,shrub,3,41.21,12.354
2013,4,28,16,2,shrub,3,37.673,13.147
2013,4,28,17,2,shrub,3,37.618,13.027
2013,4,28,18,2,shrub,3,34.969,13.806
2013,4,28,19,2,shrub,3,30.041,16.145
2013,4,28,20,2,shrub,3,22.848,19.167
2013,4,28,21,2,shrub,3,22.082,20.08
2013,4,28,22,2,shrub,3,20.913,21.108
2013,4,28,23,2,shrub,3,18.937,23.155
2013,4,29,0,3,shrub,3,20.031,24.703
2013,4,29,1,3,shrub,3,19.199,28.02
2013,4,29,2,3,shrub,3,18.224,32.471
2013,4,29,3,3,shrub,3,17.582,34.264
2013,4,29,4,3,shrub,3,16.225,36.705
2013,4,29,5,3,shrub,3,15.461,37.031
2013,4,29,6,3,shrub,3,13.112,38.979
2013,4,29,7,3,shrub,3,21.963,29.086
2013,4,29,8,3,shrub,3,30.369,21.698
2013,4,29,9,3,shrub,3,35.85,18.09
2013,4,29,10,3,shrub,3,39.914,15.868
2013,4,29,11,3,shrub,3,43.223,14.812
2013,4,29,12,3,shrub,3,43.921,14.607
2013,4,29,13,3,shrub,3,42.505,13.516
2013,4,29,14,3,shrub,3,42.386,12.799
2013,4,29,15,3,shrub,3,41.21,13.144
2013,4,29,16,3,shrub,3,39.516,13.149
2013,4,29,17,3,shrub,3,39.743,12.765
2013,4,29,18,3,shrub,3,35.958,13.306
2013,4,29,19,3,shrub,3,31.561,14.498
2013,4,29,20,3,shrub,3,25.768,17.282
2013,4,29,21,3,shrub,3,22.513,19.074
2013,4,29,22,3,shrub,3,24.122,21.014
2013,4,29,23,3,shrub,3,23.04,22.484
2013,4,30,0,4,shrub,3,20.555,24.848
2013,4,30,1,4,shrub,3,18.961,26.835
2013,4,30,2,4,shrub,3,18.081,27.933
2013,4,30,3,4,shrub,3,17.344,29.554
2013,4,30,4,4,shrub,3,16.796,30.966
2013,4,30,5,4,shrub,3,15.605,33.808
2013,4,30,6,4,shrub,3,15.772,35.247
2013,4,30,7,4,shrub,3,21.7,30.263
2013,4,30,8,4,shrub,3,30.268,23.474
2013,4,30,9,4,shrub,3,35.958,19.775
2013,4,30,10,4,shrub,3,38.309,17.067
2013,4,30,11,4,shrub,3,40.343,16.395
2013,4,30,12,4,shrub,3,40.114,16.15
2013,4,30,13,4,shrub,3,40.171,15.295
2013,4,30,14,4,shrub,3,41.007,15.022
2013,4,30,15,4,shrub,3,40.516,14.842
2013,4,30,16,4,shrub,3,38.7,15.147
2013,4,30,17,4,shrub,3,39.149,15.012
2013,4,30,18,4,shrub,3,34.387,16.864
2013,4,30,19,4,shrub,3,31.103,19.081
2013,4,30,20,4,shrub,3,28.122,22.151
2013,4,30,21,4,shrub,3,25.72,27.597
2013,4,30,22,4,shrub,3,24.315,33.15
2013,4,30,23,4,shrub,3,22.465,37.935
2013,5,1,0,5,shrub,3,19.746,43.122
2013,5,1,1,5,shrub,3,17.843,45.825
2013,5,1,2,5,shrub,3,17.249,46.842
2013,5,1,3,5,shrub,3,15.915,49.645
2013,5,1,4,5,shrub,3,15.294,51.181
2013,5,1,5,5,shrub,3,13.93,53.873
2013,5,1,6,5,shrub,3,16.392,27.45
2013,5,1,7,5,shrub,3,20.936,14.823
2013,5,1,8,5,shrub,3,25.453,12.154
2013,5,1,9,5,shrub,3,29.464,10.856
2013,5,1,10,5,shrub,3,32.175,10.886
2013,5,1,11,5,shrub,3,33.757,10.086
2013,5,1,12,5,shrub,3,33.887,9.934
2013,5,1,13,5,shrub,3,34.334,10.344
2013,5,1,14,5,shrub,3,33.469,9.84
2013,5,1,15,5,shrub,3,31.535,10.237
2013,5,1,16,5,shrub,3,30.849,9.976
2013,5,1,17,5,shrub,3,31.103,9.83
2013,5,1,18,5,shrub,3,27.235,10.072
2013,5,1,19,5,shrub,3,22.633,11.272
2013,5,1,20,5,shrub,3,19.532,12.541
2013,5,1,21,5,shrub,3,12.823,14.426
2013,5,1,22,5,shrub,3,18.01,15.646
2013,5,1,23,5,shrub,3,16.987,16.037
2013,5,2,0,6,shrub,3,15.581,16.626
2013,5,2,1,6,shrub,3,14.17,17.062
2013,5,2,2,6,shrub,3,13.69,17.328
2013,5,2,3,6,shrub,3,13.112,17.587
2013,5,2,4,6,shrub,3,12.92,17.285
2013,5,2,5,6,shrub,3,12.05,17.999
2013,5,2,6,6,shrub,3,11.394,18.503
2013,5,2,7,6,shrub,3,15.796,16.858
2013,5,2,8,6,shrub,3,23.424,14.417
2013,5,2,9,6,shrub,3,27.186,12.381
2013,5,2,10,6,shrub,3,28.742,11.755
2013,5,2,11,6,shrub,3,33.835,10.795
2013,5,2,12,6,shrub,3,37.783,9.763
2013,5,2,13,6,shrub,3,36.335,9.868
2013,5,2,14,6,shrub,3,33.001,10.449
2013,5,2,15,6,shrub,3,33.861,10.012
2013,5,2,16,6,shrub,3,28.444,11.434
2013,5,2,17,6,shrub,3,27.358,11.774
2013,5,2,18,6,shrub,3,24.919,12.627
2013,5,2,19,6,shrub,3,21.748,13.81
2013,5,2,20,6,shrub,3,18.105,15.205
2013,5,2,21,6,shrub,3,15.557,16.331
2013,5,2,22,6,shrub,3,10.736,17.744
2013,5,2,23,6,shrub,3,9.46,18.678
2013,4,27,9,1,shrub,4,28.692,
2013,4,27,10,1,shrub,4,37.398,
2013,4,27,11,1,shrub,4,42.445,
2013,4,27,12,1,shrub,4,44.999,
2013,4,27,13,1,shrub,4,43.951,
2013,4,27,14,1,shrub,4,39.829,
2013,4,27,15,1,shrub,4,36.769,
2013,4,27,16,1,shrub,4,35.77,
2013,4,27,17,1,shrub,4,39.262,
2013,4,27,18,1,shrub,4,35.395,
2013,4,27,19,1,shrub,4,29.54,
2013,4,27,20,1,shrub,4,22.13,
2013,4,27,21,1,shrub,4,19.484,
2013,4,27,22,1,shrub,4,18.866,
2013,4,27,23,1,shrub,4,18.866,
2013,4,28,0,2,shrub,4,16.915,
2013,4,28,1,2,shrub,4,15.031,
2013,4,28,2,2,shrub,4,14.697,
2013,4,28,3,2,shrub,4,15.175,
2013,4,28,4,2,shrub,4,14.577,
2013,4,28,5,2,shrub,4,14.721,
2013,4,28,6,2,shrub,4,14.792,
2013,4,28,7,2,shrub,4,17.32,
2013,4,28,8,2,shrub,4,26.158,
2013,4,28,9,2,shrub,4,33.287,
2013,4,28,10,2,shrub,4,39.177,
2013,4,28,11,2,shrub,4,43.768,
2013,4,28,12,2,shrub,4,46.545,
2013,4,28,13,2,shrub,4,44.781,
2013,4,28,14,2,shrub,4,42.09,
2013,4,28,15,2,shrub,4,39.008,
2013,4,28,16,2,shrub,4,37.535,
2013,4,28,17,2,shrub,4,41.327,
2013,4,28,18,2,shrub,4,37.7,
2013,4,28,19,2,shrub,4,31.408,
2013,4,28,20,2,shrub,4,24.05,
2013,4,28,21,2,shrub,4,22.657,
2013,4,28,22,2,shrub,4,21.175,
2013,4,28,23,2,shrub,4,19.77,
2013,4,29,0,3,shrub,4,19.77,
2013,4,29,1,3,shrub,4,19.103,
2013,4,29,2,3,shrub,4,18.224,
2013,4,29,3,3,shrub,4,17.415,
2013,4,29,4,3,shrub,4,16.32,
2013,4,29,5,3,shrub,4,14.984,
2013,4,29,6,3,shrub,4,13.161,
2013,4,29,7,3,shrub,4,18.01,
2013,4,29,8,3,shrub,4,27.308,
2013,4,29,9,3,shrub,4,34.019,
2013,4,29,10,3,shrub,4,40.114,
2013,4,29,11,3,shrub,4,43.89,
2013,4,29,12,3,shrub,4,48.338,
2013,4,29,13,3,shrub,4,46.481,
2013,4,29,14,3,shrub,4,43.013,
2013,4,29,15,3,shrub,4,40.057,
2013,4,29,16,3,shrub,4,38.84,
2013,4,29,17,3,shrub,4,42.297,
2013,4,29,18,3,shrub,4,38.282,
2013,4,29,19,3,shrub,4,32.665,
2013,4,29,20,3,shrub,4,27.161,
2013,4,29,21,3,shrub,4,23.04,
2013,4,29,22,3,shrub,4,24.026,
2013,4,29,23,3,shrub,4,22.896,
2013,4,30,0,4,shrub,4,20.341,
2013,4,30,1,4,shrub,4,19.103,
2013,4,30,2,4,shrub,4,18.247,
2013,4,30,3,4,shrub,4,17.51,
2013,4,30,4,4,shrub,4,16.892,
2013,4,30,5,4,shrub,4,15.557,
2013,4,30,6,4,shrub,4,15.629,
2013,4,30,7,4,shrub,4,19.127,
2013,4,30,8,4,shrub,4,28.097,
2013,4,30,9,4,shrub,4,34.757,
2013,4,30,10,4,shrub,4,38.476,
2013,4,30,11,4,shrub,4,41.356,
2013,4,30,12,4,shrub,4,44.38,
2013,4,30,13,4,shrub,4,43.586,
2013,4,30,14,4,shrub,4,40.717,
2013,4,30,15,4,shrub,4,38.644,
2013,4,30,16,4,shrub,4,38.198,
2013,4,30,17,4,shrub,4,40.92,
2013,4,30,18,4,shrub,4,35.716,
2013,4,30,19,4,shrub,4,31.714,
2013,4,30,20,4,shrub,4,28.369,
2013,4,30,21,4,shrub,4,26.329,
2013,4,30,22,4,shrub,4,24.629,
2013,4,30,23,4,shrub,4,22.753,
2013,5,1,0,5,shrub,4,20.507,
2013,5,1,1,5,shrub,4,18.319,
2013,5,1,2,5,shrub,4,17.51,
2013,5,1,3,5,shrub,4,16.249,
2013,5,1,4,5,shrub,4,15.485,
2013,5,1,5,5,shrub,4,13.882,
2013,5,1,6,5,shrub,4,16.32,
2013,5,1,7,5,shrub,4,18.557,
2013,5,1,8,5,shrub,4,23.833,
2013,5,1,9,5,shrub,4,28.493,
2013,5,1,10,5,shrub,4,32.691,
2013,5,1,11,5,shrub,4,33.678,
2013,5,1,12,5,shrub,4,35.958,
2013,5,1,13,5,shrub,4,37.893,
2013,5,1,14,5,shrub,4,34.097,
2013,5,1,15,5,shrub,4,31.868,
2013,5,1,16,5,shrub,4,30.722,
2013,5,1,17,5,shrub,4,32.898,
2013,5,1,18,5,shrub,4,29.439,
2013,5,1,19,5,shrub,4,24.919,
2013,5,1,20,5,shrub,4,21.581,
2013,5,1,21,5,shrub,4,16.463,
2013,5,1,22,5,shrub,4,18.913,
2013,5,1,23,5,shrub,4,17.938,
2013,5,2,0,6,shrub,4,16.773,
2013,5,2,1,6,shrub,4,15.581,
2013,5,2,2,6,shrub,4,14.888,
2013,5,2,3,6,shrub,4,14.29,
2013,5,2,4,6,shrub,4,13.978,
2013,5,2,5,6,shrub,4,13.161,
2013,5,2,6,6,shrub,4,12.654,
2013,5,2,7,6,shrub,4,13.906,
2013,5,2,8,6,shrub,4,21.175,
2013,5,2,9,6,shrub,4,24.581,
2013,5,2,10,6,shrub,4,26.646,
2013,5,2,11,6,shrub,4,30.773,
2013,5,2,12,6,shrub,4,36.092,
2013,5,2,13,6,shrub,4,37.124,
2013,5,2,14,6,shrub,4,32.33,
2013,5,2,15,6,shrub,4,30.293,
2013,5,2,16,6,shrub,4,29.64,
2013,5,2,17,6,shrub,4,32.047,
2013,5,2,18,6,shrub,4,29.015,
2013,5,2,19,6,shrub,4,24.629,
2013,5,2,20,6,shrub,4,20.579,
2013,5,2,21,6,shrub,4,18.033,
2013,5,2,22,6,shrub,4,13.978,
2013,5,2,23,6,shrub,4,12.316,
2013,4,27,9,1,shrub,5,30.798,25.132
2013,4,27,10,1,shrub,5,40.228,18.405
2013,4,27,11,1,shrub,5,46.673,15.171
2013,4,27,12,1,shrub,5,49.581,13.267
2013,4,27,13,1,shrub,5,46.29,12.126
2013,4,27,14,1,shrub,5,45.405,10.366
2013,4,27,15,1,shrub,5,47.32,9.792
2013,4,27,16,1,shrub,5,39.8,11.109
2013,4,27,17,1,shrub,5,36.905,11.231
2013,4,27,18,1,shrub,5,32.15,12.208
2013,4,27,19,1,shrub,5,28.196,13.843
2013,4,27,20,1,shrub,5,22.8,16.638
2013,4,27,21,1,shrub,5,20.269,18.355
2013,4,27,22,1,shrub,5,19.651,18.541
2013,4,27,23,1,shrub,5,19.46,18.493
2013,4,28,0,2,shrub,5,17.724,20.073
2013,4,28,1,2,shrub,5,16.082,21.707
2013,4,28,2,2,shrub,5,15.461,22.133
2013,4,28,3,2,shrub,5,15.748,23.725
2013,4,28,4,2,shrub,5,15.175,25.316
2013,4,28,5,2,shrub,5,15.151,29.236
2013,4,28,6,2,shrub,5,15.199,32.442
2013,4,28,7,2,shrub,5,19.222,28.726
2013,4,28,8,2,shrub,5,27.677,20.491
2013,4,28,9,2,shrub,5,35.475,17.381
2013,4,28,10,2,shrub,5,42.267,15.317
2013,4,28,11,2,shrub,5,47.646,13.783
2013,4,28,12,2,shrub,5,50.996,12.359
2013,4,28,13,2,shrub,5,46.899,12.432
2013,4,28,14,2,shrub,5,46.77,11.464
2013,4,28,15,2,shrub,5,48.737,10.208
2013,4,28,16,2,shrub,5,41.181,11.639
2013,4,28,17,2,shrub,5,37.949,12.139
2013,4,28,18,2,shrub,5,33.417,13.426
2013,4,28,19,2,shrub,5,29.74,15.406
2013,4,28,20,2,shrub,5,24.508,18.073
2013,4,28,21,2,shrub,5,23.088,18.848
2013,4,28,22,2,shrub,5,21.748,19.987
2013,4,28,23,2,shrub,5,20.269,21.941
2013,4,29,0,3,shrub,5,20.198,23.528
2013,4,29,1,3,shrub,5,19.603,27.203
2013,4,29,2,3,shrub,5,18.747,31.341
2013,4,29,3,3,shrub,5,17.915,33.885
2013,4,29,4,3,shrub,5,16.868,35.825
2013,4,29,5,3,shrub,5,15.819,36.598
2013,4,29,6,3,shrub,5,14.05,37.987
2013,4,29,7,3,shrub,5,20.174,29.224
2013,4,29,8,3,shrub,5,29.04,20.946
2013,4,29,9,3,shrub,5,36.173,16.956
2013,4,29,10,3,shrub,5,42.684,14.471
2013,4,29,11,3,shrub,5,48.637,12.745
2013,4,29,12,3,shrub,5,51.773,11.986
2013,4,29,13,3,shrub,5,48.604,11.456
2013,4,29,14,3,shrub,5,48.238,10.796
2013,4,29,15,3,shrub,5,49.581,10.442
2013,4,29,16,3,shrub,5,41.766,11.742
2013,4,29,17,3,shrub,5,39.008,11.788
2013,4,29,18,3,shrub,5,34.836,12.945
2013,4,29,19,3,shrub,5,31.459,13.801
2013,4,29,20,3,shrub,5,27.087,15.806
2013,4,29,21,3,shrub,5,23.521,18.316
2013,4,29,22,3,shrub,5,23.304,20.449
2013,4,29,23,3,shrub,5,22.513,22.049
2013,4,30,0,4,shrub,5,20.841,24.257
2013,4,30,1,4,shrub,5,19.603,25.888
2013,4,30,2,4,shrub,5,18.747,26.89
2013,4,30,3,4,shrub,5,18.057,28.493
2013,4,30,4,4,shrub,5,17.368,29.904
2013,4,30,5,4,shrub,5,16.153,32.63
2013,4,30,6,4,shrub,5,16.106,34.33
2013,4,30,7,4,shrub,5,20.436,29.948
2013,4,30,8,4,shrub,5,29.515,22.61
2013,4,30,9,4,shrub,5,36.471,18.966
2013,4,30,10,4,shrub,5,42.297,14.847
2013,4,30,11,4,shrub,5,46.29,13.683
2013,4,30,12,4,shrub,5,48.737,12.95
2013,4,30,13,4,shrub,5,46.003,12.953
2013,4,30,14,4,shrub,5,45.499,12.613
2013,4,30,15,4,shrub,5,47.875,12.151
2013,4,30,16,4,shrub,5,40.4,13.738
2013,4,30,17,4,shrub,5,38.17,14.186
2013,4,30,18,4,shrub,5,34.308,16.246
2013,4,30,19,4,shrub,5,31.612,18.013
2013,4,30,20,4,shrub,5,28.468,21.357
2013,4,30,21,4,shrub,5,26.426,26.316
2013,4,30,22,4,shrub,5,24.823,32.354
2013,4,30,23,4,shrub,5,23.04,37.175
2013,5,1,0,5,shrub,5,20.936,40.605
2013,5,1,1,5,shrub,5,19.08,43.636
2013,5,1,2,5,shrub,5,18.224,45.613
2013,5,1,3,5,shrub,5,17.011,48.243
2013,5,1,4,5,shrub,5,16.177,49.867
2013,5,1,5,5,shrub,5,14.936,51.504
2013,5,1,6,5,shrub,5,16.249,25.572
2013,5,1,7,5,shrub,5,20.055,13.769
2013,5,1,8,5,shrub,5,25.428,11.157
2013,5,1,9,5,shrub,5,30.824,9.585
2013,5,1,10,5,shrub,5,34.995,9.266
2013,5,1,11,5,shrub,5,36.579,8.609
2013,5,1,12,5,shrub,5,38.337,8.351
2013,5,1,13,5,shrub,5,36.633,8.889
2013,5,1,14,5,shrub,5,37.535,8.245
2013,5,1,15,5,shrub,5,37.535,8.324
2013,5,1,16,5,shrub,5,32.458,8.545
2013,5,1,17,5,shrub,5,30.95,8.807
2013,5,1,18,5,shrub,5,27.087,9.136
2013,5,1,19,5,shrub,5,24.315,9.652
2013,5,1,20,5,shrub,5,21.628,10.926
2013,5,1,21,5,shrub,5,17.296,13.229
2013,5,1,22,5,shrub,5,18.985,14.205
2013,5,1,23,5,shrub,5,18.105,14.759
2013,5,2,0,6,shrub,5,16.939,15.221
2013,5,2,1,6,shrub,5,15.867,15.573
2013,5,2,2,6,shrub,5,15.055,15.716
2013,5,2,3,6,shrub,5,14.505,15.982
2013,5,2,4,6,shrub,5,14.146,15.449
2013,5,2,5,6,shrub,5,13.377,16.508
2013,5,2,6,6,shrub,5,12.92,16.776
2013,5,2,7,6,shrub,5,16.534,14.608
2013,5,2,8,6,shrub,5,23.352,12.216
2013,5,2,9,6,shrub,5,27.21,11.614
2013,5,2,10,6,shrub,5,29.79,11.334
2013,5,2,11,6,shrub,5,34.863,10.128
2013,5,2,12,6,shrub,5,38.868,9.326
2013,5,2,13,6,shrub,5,35.958,9.38
2013,5,2,14,6,shrub,5,38.393,8.832
2013,5,2,15,6,shrub,5,37.096,8.707
2013,5,2,16,6,shrub,5,32.227,9.715
2013,5,2,17,6,shrub,5,30.293,10.189
2013,5,2,18,6,shrub,5,26.598,11.127
2013,5,2,19,6,shrub,5,23.833,12.427
2013,5,2,20,6,shrub,5,20.365,14.271
2013,5,2,21,6,shrub,5,18.319,15.365
2013,5,2,22,6,shrub,5,14.792,17.06
2013,5,2,23,6,shrub,5,13.185,18.317
2013,4,27,9,1,open,1,28.122,
2013,4,27,10,1,open,1,35.102,
2013,4,27,11,1,open,1,39.743,
2013,4,27,12,1,open,1,43.404,
2013,4,27,13,1,open,1,44.968,
2013,4,27,14,1,open,1,45.311,
2013,4,27,15,1,open,1,45.53,
2013,4,27,16,1,open,1,44.012,
2013,4,27,17,1,open,1,40.257,
2013,4,27,18,1,open,1,35.609,
2013,4,27,19,1,open,1,30.369,
2013,4,27,20,1,open,1,24.339,
2013,4,27,21,1,open,1,20.841,
2013,4,27,22,1,open,1,19.365,
2013,4,27,23,1,open,1,18.319,
2013,4,28,0,2,open,1,16.582,
2013,4,28,1,2,open,1,14.768,
2013,4,28,2,2,open,1,14.17,
2013,4,28,3,2,open,1,14.242,
2013,4,28,4,2,open,1,13.666,
2013,4,28,5,2,open,1,13.69,
2013,4,28,6,2,open,1,13.594,
2013,4,28,7,2,open,1,14.481,
2013,4,28,8,2,open,1,21.891,
2013,4,28,9,2,open,1,30.646,
2013,4,28,10,2,open,1,37.261,
2013,4,28,11,2,open,1,41.942,
2013,4,28,12,2,open,1,45.782,
2013,4,28,13,2,open,1,47.81,
2013,4,28,14,2,open,1,48.338,
2013,4,28,15,2,open,1,48.172,
2013,4,28,16,2,open,1,46.77,
2013,4,28,17,2,open,1,43.404,
2013,4,28,18,2,open,1,38.644,
2013,4,28,19,2,open,1,32.484,
2013,4,28,20,2,open,1,26.28,
2013,4,28,21,2,open,1,23.545,
2013,4,28,22,2,open,1,21.27,
2013,4,28,23,2,open,1,19.46,
2013,4,29,0,3,open,1,19.341,
2013,4,29,1,3,open,1,18.58,
2013,4,29,2,3,open,1,17.605,
2013,4,29,3,3,open,1,16.892,
2013,4,29,4,3,open,1,15.605,
2013,4,29,5,3,open,1,14.697,
2013,4,29,6,3,open,1,13.064,
2013,4,29,7,3,open,1,15.199,
2013,4,29,8,3,open,1,23.304,
2013,4,29,9,3,open,1,31.382,
2013,4,29,10,3,open,1,38.032,
2013,4,29,11,3,open,1,42.923,
2013,4,29,12,3,open,1,47.028,
2013,4,29,13,3,open,1,49.649,
2013,4,29,14,3,open,1,50.094,
2013,4,29,15,3,open,1,50.025,
2013,4,29,16,3,open,1,47.941,
2013,4,29,17,3,open,1,44.411,
2013,4,29,18,3,open,1,39.262,
2013,4,29,19,3,open,1,33.574,
2013,4,29,20,3,open,1,27.899,
2013,4,29,21,3,open,1,24.291,
2013,4,29,22,3,open,1,23.881,
2013,4,29,23,3,open,1,22.393,
2013,4,30,0,4,open,1,20.293,
2013,4,30,1,4,open,1,18.866,
2013,4,30,2,4,open,1,17.867,
2013,4,30,3,4,open,1,16.963,
2013,4,30,4,4,open,1,16.296,
2013,4,30,5,4,open,1,15.031,
2013,4,30,6,4,open,1,14.96,
2013,4,30,7,4,open,1,16.939,
2013,4,30,8,4,open,1,24.653,
2013,4,30,9,4,open,1,32.381,
2013,4,30,10,4,open,1,37.124,
2013,4,30,11,4,open,1,41.094,
2013,4,30,12,4,open,1,45.436,
2013,4,30,13,4,open,1,46.705,
2013,4,30,14,4,open,1,47.515,
2013,4,30,15,4,open,1,46.995,
2013,4,30,16,4,open,1,45.311,
2013,4,30,17,4,open,1,42.953,
2013,4,30,18,4,open,1,37.48,
2013,4,30,19,4,open,1,33.001,
2013,4,30,20,4,open,1,29.29,
2013,4,30,21,4,open,1,26.671,
2013,4,30,22,4,open,1,24.75,
2013,4,30,23,4,open,1,22.824,
2013,5,1,0,5,open,1,20.46,
2013,5,1,1,5,open,1,18.414,
2013,5,1,2,5,open,1,17.415,
2013,5,1,3,5,open,1,16.106,
2013,5,1,4,5,open,1,15.223,
2013,5,1,5,5,open,1,14.026,
2013,5,1,6,5,open,1,14.553,
2013,5,1,7,5,open,1,16.558,
2013,5,1,8,5,open,1,22.106,
2013,5,1,9,5,open,1,28.245,
2013,5,1,10,5,open,1,32.613,
2013,5,1,11,5,open,1,35.502,
2013,5,1,12,5,open,1,39.772,
2013,5,1,13,5,open,1,41.942,
2013,5,1,14,5,open,1,41.56,
2013,5,1,15,5,open,1,41.736,
2013,5,1,16,5,open,1,39.914,
2013,5,1,17,5,open,1,36.362,
2013,5,1,18,5,open,1,31.51,
2013,5,1,19,5,open,1,26.402,
2013,5,1,20,5,open,1,22.609,
2013,5,1,21,5,open,1,18.271,
2013,5,1,22,5,open,1,18.794,
2013,5,1,23,5,open,1,18.01,
2013,5,2,0,6,open,1,16.725,
2013,5,2,1,6,open,1,15.294,
2013,5,2,2,6,open,1,14.505,
2013,5,2,3,6,open,1,13.834,
2013,5,2,4,6,open,1,13.473,
2013,5,2,5,6,open,1,12.606,
2013,5,2,6,6,open,1,12.098,
2013,5,2,7,6,open,1,12.558,
2013,5,2,8,6,open,1,18.937,
2013,5,2,9,6,open,1,24.774,
2013,5,2,10,6,open,1,28.816,
2013,5,2,11,6,open,1,34.229,
2013,5,2,12,6,open,1,39.234,
2013,5,2,13,6,open,1,41.648,
2013,5,2,14,6,open,1,41.414,
2013,5,2,15,6,open,1,42.535,
2013,5,2,16,6,open,1,40.746,
2013,5,2,17,6,open,1,36.606,
2013,5,2,18,6,open,1,32.407,
2013,5,2,19,6,open,1,26.524,
2013,5,2,20,6,open,1,21.987,
2013,5,2,21,6,open,1,19.151,
2013,5,2,22,6,open,1,15.7,
2013,5,2,23,6,open,1,13.762,
2013,4,27,9,1,open,2,27.949,24.787
2013,4,27,10,1,open,2,35.342,19.968
2013,4,27,11,1,open,2,39.8,16.29
2013,4,27,12,1,open,2,43.163,14.73
2013,4,27,13,1,open,2,45.467,11.572
2013,4,27,14,1,open,2,46.321,9.594
2013,4,27,15,1,open,2,46.577,9.239
2013,4,27,16,1,open,2,44.999,9.143
2013,4,27,17,1,open,2,40.487,9.544
2013,4,27,18,1,open,2,36.092,10.49
2013,4,27,19,1,open,2,28.841,12.914
2013,4,27,20,1,open,2,21.079,17.142
2013,4,27,21,1,open,2,18.2,19.044
2013,4,27,22,1,open,2,17.772,19.092
2013,4,27,23,1,open,2,17.201,19.277
2013,4,28,0,2,open,2,15.008,21.243
2013,4,28,1,2,open,2,13.016,23.749
2013,4,28,2,2,open,2,13.04,23.326
2013,4,28,3,2,open,2,13.497,24.913
2013,4,28,4,2,open,2,13.112,26.533
2013,4,28,5,2,open,2,13.161,30.69
2013,4,28,6,2,open,2,13.137,34.255
2013,4,28,7,2,open,2,14.888,34.69
2013,4,28,8,2,open,2,24.05,22.55
2013,4,28,9,2,open,2,31.052,19.04
2013,4,28,10,2,open,2,36.389,16.582
2013,4,28,11,2,open,2,40.228,15.141
2013,4,28,12,2,open,2,44.411,13.362
2013,4,28,13,2,open,2,45.311,12.286
2013,4,28,14,2,open,2,46.673,10.817
2013,4,28,15,2,open,2,46.673,9.607
2013,4,28,16,2,open,2,46.609,9.604
2013,4,28,17,2,open,2,43.404,10.011
2013,4,28,18,2,open,2,38.143,11.122
2013,4,28,19,2,open,2,30.722,14.612
2013,4,28,20,2,open,2,23.088,18.292
2013,4,28,21,2,open,2,21.557,19.166
2013,4,28,22,2,open,2,19.484,20.946
2013,4,28,23,2,open,2,17.605,23.209
2013,4,29,0,3,open,2,18.604,24.352
2013,4,29,1,3,open,2,17.701,28.219
2013,4,29,2,3,open,2,16.773,32.891
2013,4,29,3,3,open,2,16.129,35.011
2013,4,29,4,3,open,2,14.673,37.918
2013,4,29,5,3,open,2,13.69,38.908
2013,4,29,6,3,open,2,11.443,41.825
2013,4,29,7,3,open,2,15.724,35.344
2013,4,29,8,3,open,2,25.186,23.502
2013,4,29,9,3,open,2,31.663,18.546
2013,4,29,10,3,open,2,37.563,15.674
2013,4,29,11,3,open,2,41.181,13.931
2013,4,29,12,3,open,2,45.342,12.726
2013,4,29,13,3,open,2,47.06,10.993
2013,4,29,14,3,open,2,48.972,9.77
2013,4,29,15,3,open,2,49.073,9.693
2013,4,29,16,3,open,2,47.646,9.642
2013,4,29,17,3,open,2,44.196,10.08
2013,4,29,18,3,open,2,39.177,10.926
2013,4,29,19,3,open,2,32.227,12.715
2013,4,29,20,3,open,2,25.331,16.546
2013,4,29,21,3,open,2,21.676,18.545
2013,4,29,22,3,open,2,22.633,20.702
2013,4,29,23,3,open,2,21.509,21.875
2013,4,30,0,4,open,2,19.318,24.474
2013,4,30,1,4,open,2,17.748,26.602
2013,4,30,2,4,open,2,16.773,28.041
2013,4,30,3,4,open,2,15.915,30.131
2013,4,30,4,4,open,2,15.39,31.397
2013,4,30,5,4,open,2,13.954,34.602
2013,4,30,6,4,open,2,14.218,36.239
2013,4,30,7,4,open,2,17.368,34.107
2013,4,30,8,4,open,2,26.353,24.603
2013,4,30,9,4,open,2,31.97,20.449
2013,4,30,10,4,open,2,35.555,16.694
2013,4,30,11,4,open,2,38.7,15.302
2013,4,30,12,4,open,2,42.386,13.669
2013,4,30,13,4,open,2,44.565,12.414
2013,4,30,14,4,open,2,44.565,12.494
2013,4,30,15,4,open,2,45.719,11.743
2013,4,30,16,4,open,2,43.799,11.984
2013,4,30,17,4,open,2,42.983,12.269
2013,4,30,18,4,open,2,36.065,14.788
2013,4,30,19,4,open,2,31.586,17.48
2013,4,30,20,4,open,2,28.171,20.707
2013,4,30,21,4,open,2,25.307,26.703
2013,4,30,22,4,open,2,23.497,33.251
2013,4,30,23,4,open,2,21.628,38.325
2013,5,1,0,5,open,2,18.652,44.498
2013,5,1,1,5,open,2,16.606,47.081
2013,5,1,2,5,open,2,16.034,48.719
2013,5,1,3,5,open,2,14.673,52.207
2013,5,1,4,5,open,2,14.026,53.704
2013,5,1,5,5,open,2,12.316,56.516
2013,5,1,6,5,open,2,14.816,27.328
2013,5,1,7,5,open,2,17.32,14.646
2013,5,1,8,5,open,2,22.345,11.26
2013,5,1,9,5,open,2,26.695,9.742
2013,5,1,10,5,open,2,30.469,9.337
2013,5,1,11,5,open,2,32.021,8.609
2013,5,1,12,5,open,2,34.995,8
2013,5,1,13,5,open,2,37.673,8.169
2013,5,1,14,5,open,2,38.226,7.589
2013,5,1,15,5,open,2,39.036,7.495
2013,5,1,16,5,open,2,37.811,7.296
2013,5,1,17,5,open,2,34.281,7.659
2013,5,1,18,5,open,2,30.243,7.919
2013,5,1,19,5,open,2,24.557,8.967
2013,5,1,20,5,open,2,20.936,10.517
2013,5,1,21,5,open,2,14.912,13.491
2013,5,1,22,5,open,2,18.176,13.942
2013,5,1,23,5,open,2,17.32,14.349
2013,5,2,0,6,open,2,16.058,14.881
2013,5,2,1,6,open,2,14.745,15.406
2013,5,2,2,6,open,2,14.098,15.446
2013,5,2,3,6,open,2,13.473,15.781
2013,5,2,4,6,open,2,13.209,15.254
2013,5,2,5,6,open,2,12.485,16.169
2013,5,2,6,6,open,2,11.807,16.716
2013,5,2,7,6,open,2,12.558,16.319
2013,5,2,8,6,open,2,19.365,12.722
2013,5,2,9,6,open,2,23.16,12.056
2013,5,2,10,6,open,2,25.331,11.766
2013,5,2,11,6,open,2,29.815,10.559
2013,5,2,12,6,open,2,34.045,9.232
2013,5,2,13,6,open,2,36.389,8.841
2013,5,2,14,6,open,2,37.425,8.161
2013,5,2,15,6,open,2,38.337,7.633
2013,5,2,16,6,open,2,37.315,8.317
2013,5,2,17,6,open,2,33.966,8.835
2013,5,2,18,6,open,2,30.167,9.639
2013,5,2,19,6,open,2,24.219,11.719
2013,5,2,20,6,open,2,20.126,13.509
2013,5,2,21,6,open,2,16.892,15.108
2013,5,2,22,6,open,2,12.654,17.561
2013,5,2,23,6,open,2,11.151,18.993
2013,4,27,9,1,open,3,29.34,24.957
2013,4,27,10,1,open,3,35.315,21.064
2013,4,27,11,1,open,3,40,17.077
2013,4,27,12,1,open,3,43.525,14.707
2013,4,27,13,1,open,3,45.687,11.821
2013,4,27,14,1,open,3,45.814,10.1
2013,4,27,15,1,open,3,45.687,9.813
2013,4,27,16,1,open,3,42.893,9.872
2013,4,27,17,1,open,3,40.487,10.142
2013,4,27,18,1,open,3,35.904,11.112
2013,4,27,19,1,open,3,28.617,13.556
2013,4,27,20,1,open,3,22.011,16.894
2013,4,27,21,1,open,3,18.842,18.862
2013,4,27,22,1,open,3,17.701,19.562
2013,4,27,23,1,open,3,17.011,19.921
2013,4,28,0,2,open,3,15.27,21.331
2013,4,28,1,2,open,3,13.425,23.175
2013,4,28,2,2,open,3,13.088,23.542
2013,4,28,3,2,open,3,13.353,25.465
2013,4,28,4,2,open,3,12.992,27.152
2013,4,28,5,2,open,3,12.968,31.255
2013,4,28,6,2,open,3,12.871,34.903
2013,4,28,7,2,open,3,17.13,31.478
2013,4,28,8,2,open,3,24.243,23.001
2013,4,28,9,2,open,3,30.318,19.901
2013,4,28,10,2,open,3,35.689,17.699
2013,4,28,11,2,open,3,40.4,15.852
2013,4,28,12,2,open,3,44.104,14.062
2013,4,28,13,2,open,3,46.931,12.393
2013,4,28,14,2,open,3,47.941,11.188
2013,4,28,15,2,open,3,47.81,9.971
2013,4,28,16,2,open,3,44.812,10.344
2013,4,28,17,2,open,3,41.766,10.788
2013,4,28,18,2,open,3,37.976,11.864
2013,4,28,19,2,open,3,30.444,15.211
2013,4,28,20,2,open,3,23.761,18.478
2013,4,28,21,2,open,3,21.604,19.537
2013,4,28,22,2,open,3,19.365,21.447
2013,4,28,23,2,open,3,17.986,23.019
2013,4,29,0,3,open,3,18.247,25.326
2013,4,29,1,3,open,3,17.534,28.801
2013,4,29,2,3,open,3,16.415,33.747
2013,4,29,3,3,open,3,15.915,35.767
2013,4,29,4,3,open,3,14.529,38.6
2013,4,29,5,3,open,3,13.786,38.522
2013,4,29,6,3,open,3,11.953,40.782
2013,4,29,7,3,open,3,18.176,32.122
2013,4,29,8,3,open,3,25.453,23.885
2013,4,29,9,3,open,3,31.077,19.494
2013,4,29,10,3,open,3,36.933,16.456
2013,4,29,11,3,open,3,41.972,14.478
2013,4,29,12,3,open,3,45.154,13.077
2013,4,29,13,3,open,3,48.404,11.206
2013,4,29,14,3,open,3,49.309,10.27
2013,4,29,15,3,open,3,48.704,10.247
2013,4,29,16,3,open,3,47.06,10.348
2013,4,29,17,3,open,3,43.043,10.837
2013,4,29,18,3,open,3,38.896,11.547
2013,4,29,19,3,open,3,31.944,13.437
2013,4,29,20,3,open,3,25.89,16.537
2013,4,29,21,3,open,3,22.298,18.766
2013,4,29,22,3,open,3,22.657,20.74
2013,4,29,23,3,open,3,21.652,22.212
2013,4,30,0,4,open,3,19.127,25.247
2013,4,30,1,4,open,3,17.605,27.297
2013,4,30,2,4,open,3,16.701,28.455
2013,4,30,3,4,open,3,15.915,30.269
2013,4,30,4,4,open,3,15.294,31.8
2013,4,30,5,4,open,3,13.978,34.874
2013,4,30,6,4,open,3,14.098,36.628
2013,4,30,7,4,open,3,18.509,32.634
2013,4,30,8,4,open,3,26.329,25.257
2013,4,30,9,4,open,3,31.689,21.257
2013,4,30,10,4,open,3,36.851,16.914
2013,4,30,11,4,open,3,40.804,15.325
2013,4,30,12,4,open,3,43.829,13.812
2013,4,30,13,4,open,3,46.29,12.406
2013,4,30,14,4,open,3,46.963,12.274
2013,4,30,15,4,open,3,47.19,11.882
2013,4,30,16,4,open,3,45.123,12.278
2013,4,30,17,4,open,3,42.803,12.896
2013,4,30,18,4,open,3,36.796,15.133
2013,4,30,19,4,open,3,31.791,17.909
2013,4,30,20,4,open,3,28.147,21.189
2013,4,30,21,4,open,3,25.453,27.074
2013,4,30,22,4,open,3,23.833,33.107
2013,4,30,23,4,open,3,21.939,38.323
2013,5,1,0,5,open,3,19.246,44.177
2013,5,1,1,5,open,3,17.272,46.749
2013,5,1,2,5,open,3,16.415,48.515
2013,5,1,3,5,open,3,15.079,51.369
2013,5,1,4,5,open,3,14.29,53.316
2013,5,1,5,5,open,3,13.04,55.402
2013,5,1,6,5,open,3,15.151,26.934
2013,5,1,7,5,open,3,18.699,14.341
2013,5,1,8,5,open,3,22.513,11.648
2013,5,1,9,5,open,3,26.134,10.261
2013,5,1,10,5,open,3,29.59,10.24
2013,5,1,11,5,open,3,31.868,9.232
2013,5,1,12,5,open,3,34.651,8.622
2013,5,1,13,5,open,3,37.124,8.787
2013,5,1,14,5,open,3,37.343,8.158
2013,5,1,15,5,open,3,38.17,8.106
2013,5,1,16,5,open,3,36.579,7.974
2013,5,1,17,5,open,3,34.097,8.207
2013,5,1,18,5,open,3,29.69,8.645
2013,5,1,19,5,open,3,22.321,9.96
2013,5,1,20,5,open,3,18.866,11.419
2013,5,1,21,5,open,3,10.834,13.816
2013,5,1,22,5,open,3,17.439,14.726
2013,5,1,23,5,open,3,16.534,15.201
2013,5,2,0,6,open,3,15.151,15.758
2013,5,2,1,6,open,3,13.642,16.376
2013,5,2,2,6,open,3,13.161,16.57
2013,5,2,3,6,open,3,12.703,16.764
2013,5,2,4,6,open,3,12.485,16.315
2013,5,2,5,6,open,3,11.662,17.144
2013,5,2,6,6,open,3,11.078,17.691
2013,5,2,7,6,open,3,13.305,16.65
2013,5,2,8,6,open,3,19.056,14.208
2013,5,2,9,6,open,3,22.657,12.262
2013,5,2,10,6,open,3,24.871,11.517
2013,5,2,11,6,open,3,29.59,10.317
2013,5,2,12,6,open,3,33.626,9.138
2013,5,2,13,6,open,3,35.235,8.84
2013,5,2,14,6,open,3,35.368,8.33
2013,5,2,15,6,open,3,35.368,8.251
2013,5,2,16,6,open,3,33.6,8.822
2013,5,2,17,6,open,3,30.545,9.575
2013,5,2,18,6,open,3,26.549,10.74
2013,5,2,19,6,open,3,21.413,12.662
2013,5,2,20,6,open,3,17.701,14.516
2013,5,2,21,6,open,3,14.002,16.102
2013,5,2,22,6,open,3,9.238,18.019
2013,5,2,23,6,open,3,7.745,19.005
2013,4,27,9,1,open,4,28.543,24.828
2013,4,27,10,1,open,4,33.783,21.16
2013,4,27,11,1,open,4,38.309,17.376
2013,4,27,12,1,open,4,42.031,14.835
2013,4,27,13,1,open,4,44.38,11.609
2013,4,27,14,1,open,4,45.186,9.473
2013,4,27,15,1,open,4,44.503,9.368
2013,4,27,16,1,open,4,42.445,9.375
2013,4,27,17,1,open,4,40.544,9.546
2013,4,27,18,1,open,4,35.743,10.673
2013,4,27,19,1,open,4,29.015,12.922
2013,4,27,20,1,open,4,22.513,16.996
2013,4,27,21,1,open,4,19.627,18.76
2013,4,27,22,1,open,4,18.366,19.565
2013,4,27,23,1,open,4,17.748,19.82
2013,4,28,0,2,open,4,15.986,21.665
2013,4,28,1,2,open,4,14.17,23.545
2013,4,28,2,2,open,4,13.546,23.998
2013,4,28,3,2,open,4,13.978,25.441
2013,4,28,4,2,open,4,13.425,27.255
2013,4,28,5,2,open,4,13.546,31.374
2013,4,28,6,2,open,4,13.449,35.059
2013,4,28,7,2,open,4,14.146,36.867
2013,4,28,8,2,open,4,21.27,25.114
2013,4,28,9,2,open,4,28.32,20.604
2013,4,28,10,2,open,4,33.861,18.135
2013,4,28,11,2,open,4,39.008,15.784
2013,4,28,12,2,open,4,42.773,13.528
2013,4,28,13,2,open,4,45.75,11.744
2013,4,28,14,2,open,4,47.092,10.51
2013,4,28,15,2,open,4,49.615,9.061
2013,4,28,16,2,open,4,47.711,9.239
2013,4,28,17,2,open,4,43.616,9.818
2013,4,28,18,2,open,4,37.838,11.504
2013,4,28,19,2,open,4,31.919,14.515
2013,4,28,20,2,open,4,25.987,17.856
2013,4,28,21,2,open,4,23.28,19.118
2013,4,28,22,2,open,4,21.127,20.902
2013,4,28,23,2,open,4,19.603,22.405
2013,4,29,0,3,open,4,18.985,24.951
2013,4,29,1,3,open,4,18.319,28.689
2013,4,29,2,3,open,4,17.249,34.062
2013,4,29,3,3,open,4,16.415,36.623
2013,4,29,4,3,open,4,15.461,38.663
2013,4,29,5,3,open,4,14.314,40.093
2013,4,29,6,3,open,4,13.088,40.222
2013,4,29,7,3,open,4,14.816,38.497
2013,4,29,8,3,open,4,21.772,25.868
2013,4,29,9,3,open,4,29.966,19.129
2013,4,29,10,3,open,4,37.288,15.079
2013,4,29,11,3,open,4,42.654,13.523
2013,4,29,12,3,open,4,47.157,11.64
2013,4,29,13,3,open,4,50.025,10.377
2013,4,29,14,3,open,4,50.856,9.594
2013,4,29,15,3,open,4,50.025,9.401
2013,4,29,16,3,open,4,47.678,9.562
2013,4,29,17,3,open,4,43.951,10.071
2013,4,29,18,3,open,4,38.476,11.412
2013,4,29,19,3,open,4,33.027,12.866
2013,4,29,20,3,open,4,27.825,15.464
2013,4,29,21,3,open,4,24.026,18.27
2013,4,29,22,3,open,4,23.184,21.103
2013,4,29,23,3,open,4,22.13,22.461
2013,4,30,0,4,open,4,19.841,25.584
2013,4,30,1,4,open,4,18.747,27.138
2013,4,30,2,4,open,4,17.796,28.332
2013,4,30,3,4,open,4,16.939,30.216
2013,4,30,4,4,open,4,16.225,32.019
2013,4,30,5,4,open,4,14.936,34.695
2013,4,30,6,4,open,4,14.768,36.595
2013,4,30,7,4,open,4,16.606,36.205
2013,4,30,8,4,open,4,23.521,26.714
2013,4,30,9,4,open,4,30.798,20.978
2013,4,30,10,4,open,4,37.343,15.857
2013,4,30,11,4,open,4,41.795,14.037
2013,4,30,12,4,open,4,45.75,12.624
2013,4,30,13,4,open,4,47.974,11.753
2013,4,30,14,4,open,4,48.67,11.499
2013,4,30,15,4,open,4,48.139,11.357
2013,4,30,16,4,open,4,46.226,11.442
2013,4,30,17,4,open,4,43.163,12.117
2013,4,30,18,4,open,4,37.288,14.924
2013,4,30,19,4,open,4,32.949,17.476
2013,4,30,20,4,open,4,29.115,21.248
2013,4,30,21,4,open,4,26.744,26.954
2013,4,30,22,4,open,4,24.847,33.127
2013,4,30,23,4,open,4,23.04,38.129
2013,5,1,0,5,open,4,20.817,41.79
2013,5,1,1,5,open,4,18.747,45.32
2013,5,1,2,5,open,4,17.677,48.011
2013,5,1,3,5,open,4,16.415,50.368
2013,5,1,4,5,open,4,15.533,53.308
2013,5,1,5,5,open,4,14.337,54.052
2013,5,1,6,5,open,4,15.127,26.721
2013,5,1,7,5,open,4,16.534,15.349
2013,5,1,8,5,open,4,21.175,11.819
2013,5,1,9,5,open,4,26.622,9.739
2013,5,1,10,5,open,4,31.816,8.994
2013,5,1,11,5,open,4,35.075,8.003
2013,5,1,12,5,open,4,38.06,7.544
2013,5,1,13,5,open,4,41.152,7.644
2013,5,1,14,5,open,4,42.267,7.115
2013,5,1,15,5,open,4,41.707,7.178
2013,5,1,16,5,open,4,39.857,7.12
2013,5,1,17,5,open,4,36.444,7.332
2013,5,1,18,5,open,4,31.052,8.025
2013,5,1,19,5,open,4,26.378,8.8
2013,5,1,20,5,open,4,22.561,10.582
2013,5,1,21,5,open,4,18.461,12.907
2013,5,1,22,5,open,4,18.652,14.264
2013,5,1,23,5,open,4,17.867,14.747
2013,5,2,0,6,open,4,16.701,15.283
2013,5,2,1,6,open,4,15.557,15.742
2013,5,2,2,6,open,4,14.697,15.918
2013,5,2,3,6,open,4,14.074,16.179
2013,5,2,4,6,open,4,13.618,15.642
2013,5,2,5,6,open,4,12.968,16.705
2013,5,2,6,6,open,4,12.292,17.178
2013,5,2,7,6,open,4,12.195,17.318
2013,5,2,8,6,open,4,17.701,13.771
2013,5,2,9,6,open,4,23.424,12.067
2013,5,2,10,6,open,4,27.776,11.175
2013,5,2,11,6,open,4,32.898,9.819
2013,5,2,12,6,open,4,38.198,8.666
2013,5,2,13,6,open,4,40.544,8.226
2013,5,2,14,6,open,4,41.502,7.655
2013,5,2,15,6,open,4,41.239,7.445
2013,5,2,16,6,open,4,39.857,7.923
2013,5,2,17,6,open,4,36.335,8.323
2013,5,2,18,6,open,4,31.153,9.753
2013,5,2,19,6,open,4,26.28,11.345
2013,5,2,20,6,open,4,21.915,13.592
2013,5,2,21,6,open,4,19.056,15.104
2013,5,2,22,6,open,4,15.867,16.715
2013,5,2,23,6,open,4,13.882,18.066
2013,4,27,9,1,open,5,28.419,25.405
2013,4,27,10,1,open,5,39.375,18.011
2013,4,27,11,1,open,5,44.257,14.781
2013,4,27,12,1,open,5,47.777,12.949
2013,4,27,13,1,open,5,49.581,10.604
2013,4,27,14,1,open,5,48.737,9.031
2013,4,27,15,1,open,5,47.941,8.515
2013,4,27,16,1,open,5,43.013,9.114
2013,4,27,17,1,open,5,38.476,9.63
2013,4,27,18,1,open,5,34.019,10.567
2013,4,27,19,1,open,5,28.866,12.685
2013,4,27,20,1,open,5,22.992,16.05
2013,4,27,21,1,open,5,20.031,17.825
2013,4,27,22,1,open,5,18.604,18.738
2013,4,27,23,1,open,5,18.01,19.069
2013,4,28,0,2,open,5,16.463,20.323
2013,4,28,1,2,open,5,14.601,22.506
2013,4,28,2,2,open,5,13.93,23.031
2013,4,28,3,2,open,5,14.002,24.773
2013,4,28,4,2,open,5,13.353,26.517
2013,4,28,5,2,open,5,13.329,30.842
2013,4,28,6,2,open,5,13.305,34.473
2013,4,28,7,2,open,5,14.337,35.547
2013,4,28,8,2,open,5,20.96,24.301
2013,4,28,9,2,open,5,30.369,18.775
2013,4,28,10,2,open,5,37.261,16.008
2013,4,28,11,2,open,5,43.163,14.178
2013,4,28,12,2,open,5,47.58,12.299
2013,4,28,13,2,open,5,49.922,11.184
2013,4,28,14,2,open,5,51.031,9.926
2013,4,28,15,2,open,5,49.819,9.068
2013,4,28,16,2,open,5,44.936,9.464
2013,4,28,17,2,open,5,40.688,10.269
2013,4,28,18,2,open,5,36.227,11.596
2013,4,28,19,2,open,5,30.545,14.412
2013,4,28,20,2,open,5,24.823,17.344
2013,4,28,21,2,open,5,22.561,18.596
2013,4,28,22,2,open,5,20.65,20.287
2013,4,28,23,2,open,5,19.222,21.801
2013,4,29,0,3,open,5,18.652,24.356
2013,4,29,1,3,open,5,17.986,28.452
2013,4,29,2,3,open,5,16.939,33.18
2013,4,29,3,3,open,5,16.058,36.286
2013,4,29,4,3,open,5,15.127,37.865
2013,4,29,5,3,open,5,14.026,39.108
2013,4,29,6,3,open,5,12.703,39.985
2013,4,29,7,3,open,5,14.864,37.838
2013,4,29,8,3,open,5,22.202,25.181
2013,4,29,9,3,open,5,31.077,18.286
2013,4,29,10,3,open,5,38.309,14.894
2013,4,29,11,3,open,5,43.982,12.947
2013,4,29,12,3,open,5,48.471,11.37
2013,4,29,13,3,open,5,51.348,10.019
2013,4,29,14,3,open,5,52.239,9.316
2013,4,29,15,3,open,5,51.101,9.031
2013,4,29,16,3,open,5,46.003,9.825
2013,4,29,17,3,open,5,41.942,10.236
2013,4,29,18,3,open,5,37.343,11.169
2013,4,29,19,3,open,5,32.098,12.671
2013,4,29,20,3,open,5,27.136,14.898
2013,4,29,21,3,open,5,23.376,17.638
2013,4,29,22,3,open,5,22.872,20.386
2013,4,29,23,3,open,5,21.915,22.119
2013,4,30,0,4,open,5,19.532,25.062
2013,4,30,1,4,open,5,18.366,26.684
2013,4,30,2,4,open,5,17.439,27.882
2013,4,30,3,4,open,5,16.606,29.807
2013,4,30,4,4,open,5,15.891,31.44
2013,4,30,5,4,open,5,14.577,34.56
2013,4,30,6,4,open,5,14.457,36.497
2013,4,30,7,4,open,5,16.606,35.496
2013,4,30,8,4,open,5,23.737,26.155
2013,4,30,9,4,open,5,31.561,20.124
2013,4,30,10,4,open,5,37.866,15.612
2013,4,30,11,4,open,5,41.972,14.124
2013,4,30,12,4,open,5,46.13,12.56
2013,4,30,13,4,open,5,48.471,11.692
2013,4,30,14,4,open,5,49.006,11.391
2013,4,30,15,4,open,5,48.804,11.221
2013,4,30,16,4,open,5,44.073,11.916
2013,4,30,17,4,open,5,40.717,12.649
2013,4,30,18,4,open,5,36.012,14.863
2013,4,30,19,4,open,5,32.124,17.204
2013,4,30,20,4,open,5,28.543,20.767
2013,4,30,21,4,open,5,26.304,26.271
2013,4,30,22,4,open,5,24.532,32.574
2013,4,30,23,4,open,5,22.705,37.653
2013,5,1,0,5,open,5,20.46,41.353
2013,5,1,1,5,open,5,18.319,45.431
2013,5,1,2,5,open,5,17.415,47.309
2013,5,1,3,5,open,5,16.082,50.105
2013,5,1,4,5,open,5,15.27,51.889
2013,5,1,5,5,open,5,14.074,53.893
2013,5,1,6,5,open,5,15.127,26.581
2013,5,1,7,5,open,5,16.796,14.917
2013,5,1,8,5,open,5,21.748,11.387
2013,5,1,9,5,open,5,27.481,9.306
2013,5,1,10,5,open,5,32.175,8.693
2013,5,1,11,5,open,5,35.102,7.766
2013,5,1,12,5,open,5,36.824,7.264
2013,5,1,13,5,open,5,39.318,7.344
2013,5,1,14,5,open,5,39.516,6.707
2013,5,1,15,5,open,5,39.857,6.718
2013,5,1,16,5,open,5,37.645,6.81
2013,5,1,17,5,open,5,34.045,7.096
2013,5,1,18,5,open,5,29.115,7.646
2013,5,1,19,5,open,5,24.847,8.513
2013,5,1,20,5,open,5,21.628,10.01
2013,5,1,21,5,open,5,16.939,12.464
2013,5,1,22,5,open,5,18.58,13.587
2013,5,1,23,5,open,5,17.701,14.106
2013,5,2,0,6,open,5,16.415,14.676
2013,5,2,1,6,open,5,15.247,15.136
2013,5,2,2,6,open,5,14.601,15.177
2013,5,2,3,6,open,5,13.93,15.511
2013,5,2,4,6,open,5,13.618,14.981
2013,5,2,5,6,open,5,12.847,16.042
2013,5,2,6,6,open,5,12.316,16.452
2013,5,2,7,6,open,5,12.703,16.326
2013,5,2,8,6,open,5,20.126,12.907
2013,5,2,9,6,open,5,24.508,11.502
2013,5,2,10,6,open,5,27.505,10.855
2013,5,2,11,6,open,5,31.97,9.471
2013,5,2,12,6,open,5,36.335,8.442
2013,5,2,13,6,open,5,38.032,7.862
2013,5,2,14,6,open,5,38.504,7.478
2013,5,2,15,6,open,5,39.036,7.014
2013,5,2,16,6,open,5,38.032,7.703
2013,5,2,17,6,open,5,33.574,8.269
2013,5,2,18,6,open,5,28.742,9.508
2013,5,2,19,6,open,5,24.46,11.423
2013,5,2,20,6,open,5,20.579,13.379
2013,5,2,21,6,open,5,17.867,14.822
2013,5,2,22,6,open,5,14.457,16.566
2013,5,2,23,6,open,5,12.751,17.712
